INSERT INTO school_class
VALUES ('1A'),
       ('1B'),
       ('1C'),
       ('1D');

INSERT INTO app_user
VALUES (1, 'jan.kowalski.1@example.com', '$2a$10$7IqOSL/QkiC8i.i.uTcAFOLBnGm51BKOIava3A6SRV16JbS5LtXDK', '123'),
       (2, 'joanna.nowak.2@example.com', '$2a$10$7IqOSL/QkiC8i.i.uTcAFOLBnGm51BKOIava3A6SRV16JbS5LtXDK', '123'),
       (3, 'tomasz.wiśniewski.3@example.com', '$2a$10$7IqOSL/QkiC8i.i.uTcAFOLBnGm51BKOIava3A6SRV16JbS5LtXDK', '123'),
       (4, 'anna.wójcik.4@example.com', '$2a$10$7IqOSL/QkiC8i.i.uTcAFOLBnGm51BKOIava3A6SRV16JbS5LtXDK', '123'),
       (5, 'piotr.kowalczyk.5@example.com', '$2a$10$7IqOSL/QkiC8i.i.uTcAFOLBnGm51BKOIava3A6SRV16JbS5LtXDK', '123'),
       (6, 'magdalena.lewandowska.6@example.com', '$2a$10$7IqOSL/QkiC8i.i.uTcAFOLBnGm51BKOIava3A6SRV16JbS5LtXDK',
        '123'),
       (7, 'marcin.zieliński.7@example.com', '$2a$10$7IqOSL/QkiC8i.i.uTcAFOLBnGm51BKOIava3A6SRV16JbS5LtXDK', '123'),
       (8, 'agnieszka.szymańska.8@example.com', '$2a$10$7IqOSL/QkiC8i.i.uTcAFOLBnGm51BKOIava3A6SRV16JbS5LtXDK', '123'),
       (9, 'michał.dąbrowski.9@example.com', '$2a$10$7IqOSL/QkiC8i.i.uTcAFOLBnGm51BKOIava3A6SRV16JbS5LtXDK', '123'),
       (10, 'monika.kozłowska.10@example.com', '$2a$10$7IqOSL/QkiC8i.i.uTcAFOLBnGm51BKOIava3A6SRV16JbS5LtXDK', '123'),
       (11, 'barbara.jankowska.11@example.com', '$2a$10$7IqOSL/QkiC8i.i.uTcAFOLBnGm51BKOIava3A6SRV16JbS5LtXDK', '123'),
       (12, 'marek.mazur.12@example.com', '$2a$10$7IqOSL/QkiC8i.i.uTcAFOLBnGm51BKOIava3A6SRV16JbS5LtXDK', '123'),
       (13, 'ewa.wojciechowska.13@example.com', '$2a$10$7IqOSL/QkiC8i.i.uTcAFOLBnGm51BKOIava3A6SRV16JbS5LtXDK', '123'),
       (14, 'adam.kwiatkowski.14@example.com', '$2a$10$7IqOSL/QkiC8i.i.uTcAFOLBnGm51BKOIava3A6SRV16JbS5LtXDK', '123'),
       (15, 'beata.kaczmarek.15@example.com', '$2a$10$7IqOSL/QkiC8i.i.uTcAFOLBnGm51BKOIava3A6SRV16JbS5LtXDK', '123'),
       (16, 'dariusz.piotrkowski513@example.com', '$2a$10$7IqOSL/QkiC8i.i.uTcAFOLBnGm51BKOIava3A6SRV16JbS5LtXDK',
        '123'),
       (17, 'marta.grabowska234@example.com', '$2a$10$7IqOSL/QkiC8i.i.uTcAFOLBnGm51BKOIava3A6SRV16JbS5LtXDK', '123'),
       (18, 'janusz.zajac.22@example.com', '$2a$10$7IqOSL/QkiC8i.i.uTcAFOLBnGm51BKOIava3A6SRV16JbS5LtXDK', '123');

INSERT INTO app_user_roles
VALUES (1, 'ROLE_STUDENT'),
    (2, 'ROLE_STUDENT'),
    (3, 'ROLE_STUDENT'),
    (4, 'ROLE_STUDENT'),
    (5, 'ROLE_STUDENT'),
    (6, 'ROLE_STUDENT'),
    (7, 'ROLE_STUDENT'),
    (8, 'ROLE_STUDENT'),
    (9, 'ROLE_STUDENT'),
    (10, 'ROLE_STUDENT'),
    (11, 'ROLE_STUDENT'),
    (12, 'ROLE_STUDENT'),
    (13, 'ROLE_STUDENT'),
    (14, 'ROLE_STUDENT'),
    (15, 'ROLE_STUDENT'),
    (16, 'ROLE_STUDENT'),
    (17, 'ROLE_STUDENT'),
    (18, 'ROLE_STUDENT');

INSERT INTO student (name, surname, birth_Date, school_class, app_user_id)
VALUES ('Jan', 'Kowalski', '2000-01-01', '1A', 1),
       ('Joanna', 'Nowak', '2000-02-01', '1A', 2),
       ('Tomasz', 'Wiśniewski', '1999-12-31', '1A', 3),
       ('Anna', 'Wójcik', '2000-03-01', '1A', 4),
       ('Piotr', 'Kowalczyk', '1999-11-30', '1A', 5),
       ('Magdalena', 'Lewandowska', '1999-10-31', '1B', 6),
       ('Marcin', 'Zieliński', '1999-09-30', '1B', 7),
       ('Agnieszka', 'Szymańska', '1999-08-31', '1B', 8),
       ('Michał', 'Dąbrowski', '1999-07-31', '1B', 9),
       ('Monika', 'Kozłowska', '1999-06-30', '1B', 10),
       ('Barbara', 'Jankowska', '1999-05-31', '1C', 11),
       ('Marek', 'Mazur', '1999-04-30', '1C', 12),
       ('Ewa', 'Wojciechowska', '1999-03-31', '1C', 13),
       ('Adam', 'Kwiatkowski', '1999-02-28', '1C', 14),
       ('Beata', 'Kaczmarek', '1999-01-31', '1C', 15),
       ('Dariusz', 'Piotrowski', '1998-12-31', '1D', 16),
       ('Marta', 'Grabowska', '1998-11-30', '1D', 17),
       ('Janusz', 'Zając', '1998-10-31', '1D', 18);